date,category,amount
2024-11-30,Payroll,3422.24
2024-11-30,Rent,1069.28
2024-11-30,Supplies,379.04
2024-11-30,General Admin,496.11
2024-12-01,Payroll,3411.51
2024-12-01,Rent,1138.54
2024-12-01,Supplies,379.12
2024-12-01,General Admin,531.48
2024-12-02,Payroll,3094.10
2024-12-02,Rent,990.88
2024-12-02,Supplies,359.69
2024-12-02,General Admin,523.17
2024-12-03,Payroll,3028.33
2024-12-03,Rent,1086.44
2024-12-03,Supplies,369.69
2024-12-03,General Admin,507.22
2024-12-04,Payroll,3291.90
2024-12-04,Rent,1127.13
2024-12-04,Supplies,378.38
2024-12-04,General Admin,570.07
2024-12-05,Payroll,3053.97
2024-12-05,Rent,1051.62
2024-12-05,Supplies,406.30
2024-12-05,General Admin,492.22
2024-12-06,Payroll,3440.74
2024-12-06,Rent,999.27
2024-12-06,Supplies,388.75
2024-12-06,General Admin,557.15
2024-12-07,Payroll,2936.06
2024-12-07,Rent,1141.28
2024-12-07,Supplies,424.89
2024-12-07,General Admin,531.93
2024-12-08,Payroll,2976.27
2024-12-08,Rent,1001.03
2024-12-08,Supplies,363.48
2024-12-08,General Admin,561.05
2024-12-09,Payroll,3144.68
2024-12-09,Rent,1162.53
2024-12-09,Supplies,387.33
2024-12-09,General Admin,495.33
2024-12-10,Payroll,3152.03
2024-12-10,Rent,1130.84
2024-12-10,Supplies,414.45
2024-12-10,General Admin,491.72
2024-12-11,Payroll,3011.71
2024-12-11,Rent,1079.78
2024-12-11,Supplies,365.53
2024-12-11,General Admin,571.13
2024-12-12,Payroll,3440.90
2024-12-12,Rent,1046.93
2024-12-12,Supplies,386.93
2024-12-12,General Admin,541.15
2024-12-13,Payroll,3071.54
2024-12-13,Rent,1089.63
2024-12-13,Supplies,370.63
2024-12-13,General Admin,516.29
2024-12-14,Payroll,3160.49
2024-12-14,Rent,1101.89
2024-12-14,Supplies,394.00
2024-12-14,General Admin,512.89
2024-12-15,Payroll,3040.96
2024-12-15,Rent,1008.21
2024-12-15,Supplies,411.25
2024-12-15,General Admin,497.41
2024-12-16,Payroll,3326.17
2024-12-16,Rent,1033.28
2024-12-16,Supplies,376.44
2024-12-16,General Admin,558.24
2024-12-17,Payroll,3284.47
2024-12-17,Rent,1128.35
2024-12-17,Supplies,392.54
2024-12-17,General Admin,569.99
2024-12-18,Payroll,2978.36
2024-12-18,Rent,1109.70
2024-12-18,Supplies,364.84
2024-12-18,General Admin,558.36
2024-12-19,Payroll,3113.31
2024-12-19,Rent,1115.42
2024-12-19,Supplies,405.67
2024-12-19,General Admin,551.04
2024-12-20,Payroll,3035.14
2024-12-20,Rent,1145.67
2024-12-20,Supplies,373.35
2024-12-20,General Admin,537.44
2024-12-21,Payroll,3293.02
2024-12-21,Rent,1030.35
2024-12-21,Supplies,400.44
2024-12-21,General Admin,515.35
2024-12-22,Payroll,3006.58
2024-12-22,Rent,1141.42
2024-12-22,Supplies,395.18
2024-12-22,General Admin,519.27
2024-12-23,Payroll,3242.24
2024-12-23,Rent,990.19
2024-12-23,Supplies,365.65
2024-12-23,General Admin,525.73
2024-12-24,Payroll,3464.40
2024-12-24,Rent,1083.73
2024-12-24,Supplies,361.93
2024-12-24,General Admin,561.01
2024-12-25,Payroll,3353.81
2024-12-25,Rent,1134.69
2024-12-25,Supplies,396.32
2024-12-25,General Admin,554.39
2024-12-26,Payroll,3030.53
2024-12-26,Rent,1126.54
2024-12-26,Supplies,413.53
2024-12-26,General Admin,560.52
2024-12-27,Payroll,3110.22
2024-12-27,Rent,1099.26
2024-12-27,Supplies,400.48
2024-12-27,General Admin,573.97
2024-12-28,Payroll,2970.52
2024-12-28,Rent,1146.09
2024-12-28,Supplies,393.32
2024-12-28,General Admin,522.21
2024-12-29,Payroll,3168.35
2024-12-29,Rent,987.76
2024-12-29,Supplies,371.95
2024-12-29,General Admin,550.29
2024-12-30,Payroll,3285.17
2024-12-30,Rent,1080.69
2024-12-30,Supplies,423.10
2024-12-30,General Admin,533.88
2024-12-31,Payroll,3087.72
2024-12-31,Rent,1148.76
2024-12-31,Supplies,374.67
2024-12-31,General Admin,545.66
2025-01-01,Payroll,3190.43
2025-01-01,Rent,1102.61
2025-01-01,Supplies,396.60
2025-01-01,General Admin,505.78
2025-01-02,Payroll,2836.94
2025-01-02,Rent,957.02
2025-01-02,Supplies,392.64
2025-01-02,General Admin,558.94
2025-01-03,Payroll,2992.76
2025-01-03,Rent,1031.90
2025-01-03,Supplies,392.59
2025-01-03,General Admin,530.97
2025-01-04,Payroll,2947.19
2025-01-04,Rent,1074.71
2025-01-04,Supplies,364.28
2025-01-04,General Admin,503.23
2025-01-05,Payroll,3100.50
2025-01-05,Rent,1086.00
2025-01-05,Supplies,353.94
2025-01-05,General Admin,472.45
2025-01-06,Payroll,3148.96
2025-01-06,Rent,954.47
2025-01-06,Supplies,346.80
2025-01-06,General Admin,491.21
2025-01-07,Payroll,3163.25
2025-01-07,Rent,962.27
2025-01-07,Supplies,347.97
2025-01-07,General Admin,559.90
2025-01-08,Payroll,3036.38
2025-01-08,Rent,1115.76
2025-01-08,Supplies,358.34
2025-01-08,General Admin,510.48
2025-01-09,Payroll,3000.92
2025-01-09,Rent,982.78
2025-01-09,Supplies,365.89
2025-01-09,General Admin,561.25
2025-01-10,Payroll,3214.52
2025-01-10,Rent,1021.02
2025-01-10,Supplies,371.30
2025-01-10,General Admin,494.70
2025-01-11,Payroll,3096.01
2025-01-11,Rent,1086.62
2025-01-11,Supplies,389.96
2025-01-11,General Admin,513.01
2025-01-12,Payroll,2827.48
2025-01-12,Rent,1121.16
2025-01-12,Supplies,371.28
2025-01-12,General Admin,506.35
2025-01-13,Payroll,2806.17
2025-01-13,Rent,975.59
2025-01-13,Supplies,402.21
2025-01-13,General Admin,517.73
2025-01-14,Payroll,3206.35
2025-01-14,Rent,977.44
2025-01-14,Supplies,365.97
2025-01-14,General Admin,547.75
2025-01-15,Payroll,3254.76
2025-01-15,Rent,995.77
2025-01-15,Supplies,345.25
2025-01-15,General Admin,544.65
2025-01-16,Payroll,2897.11
2025-01-16,Rent,1096.29
2025-01-16,Supplies,389.76
2025-01-16,General Admin,485.92
2025-01-17,Payroll,2847.53
2025-01-17,Rent,1122.30
2025-01-17,Supplies,383.99
2025-01-17,General Admin,527.54
2025-01-18,Payroll,3055.50
2025-01-18,Rent,977.79
2025-01-18,Supplies,384.26
2025-01-18,General Admin,493.66
2025-01-19,Payroll,3246.66
2025-01-19,Rent,1086.08
2025-01-19,Supplies,345.61
2025-01-19,General Admin,556.25
2025-01-20,Payroll,2824.39
2025-01-20,Rent,966.56
2025-01-20,Supplies,363.46
2025-01-20,General Admin,484.31
2025-01-21,Payroll,2934.04
2025-01-21,Rent,1016.03
2025-01-21,Supplies,393.24
2025-01-21,General Admin,507.68
2025-01-22,Payroll,2952.53
2025-01-22,Rent,1041.40
2025-01-22,Supplies,370.18
2025-01-22,General Admin,499.03
2025-01-23,Payroll,3298.59
2025-01-23,Rent,1052.20
2025-01-23,Supplies,409.51
2025-01-23,General Admin,541.57
2025-01-24,Payroll,3117.50
2025-01-24,Rent,998.68
2025-01-24,Supplies,389.97
2025-01-24,General Admin,512.39
2025-01-25,Payroll,3200.29
2025-01-25,Rent,1024.94
2025-01-25,Supplies,377.13
2025-01-25,General Admin,472.33
2025-01-26,Payroll,3210.48
2025-01-26,Rent,956.27
2025-01-26,Supplies,389.56
2025-01-26,General Admin,523.99
2025-01-27,Payroll,3230.21
2025-01-27,Rent,1003.76
2025-01-27,Supplies,389.92
2025-01-27,General Admin,489.49
2025-01-28,Payroll,3094.88
2025-01-28,Rent,1013.14
2025-01-28,Supplies,409.58
2025-01-28,General Admin,559.88
2025-01-29,Payroll,2919.13
2025-01-29,Rent,1055.10
2025-01-29,Supplies,365.93
2025-01-29,General Admin,559.57
2025-01-30,Payroll,3311.75
2025-01-30,Rent,1058.84
2025-01-30,Supplies,392.21
2025-01-30,General Admin,533.14
2025-01-31,Payroll,2998.35
2025-01-31,Rent,1120.21
2025-01-31,Supplies,404.27
2025-01-31,General Admin,500.86
2025-02-01,Payroll,3225.46
2025-02-01,Rent,954.82
2025-02-01,Supplies,400.03
2025-02-01,General Admin,524.19
2025-02-02,Payroll,3338.28
2025-02-02,Rent,1020.85
2025-02-02,Supplies,387.17
2025-02-02,General Admin,501.85
2025-02-03,Payroll,3244.94
2025-02-03,Rent,1065.14
2025-02-03,Supplies,411.58
2025-02-03,General Admin,472.11
2025-02-04,Payroll,2891.47
2025-02-04,Rent,961.25
2025-02-04,Supplies,353.43
2025-02-04,General Admin,557.85
2025-02-05,Payroll,3336.24
2025-02-05,Rent,1042.71
2025-02-05,Supplies,408.83
2025-02-05,General Admin,547.60
2025-02-06,Payroll,3242.65
2025-02-06,Rent,1092.47
2025-02-06,Supplies,357.60
2025-02-06,General Admin,522.71
2025-02-07,Payroll,3047.34
2025-02-07,Rent,1130.24
2025-02-07,Supplies,356.67
2025-02-07,General Admin,487.71
2025-02-08,Payroll,3176.72
2025-02-08,Rent,982.47
2025-02-08,Supplies,352.37
2025-02-08,General Admin,518.56
2025-02-09,Payroll,3252.58
2025-02-09,Rent,1065.95
2025-02-09,Supplies,395.88
2025-02-09,General Admin,496.56
2025-02-10,Payroll,2970.86
2025-02-10,Rent,1033.06
2025-02-10,Supplies,411.81
2025-02-10,General Admin,538.32
2025-02-11,Payroll,3334.94
2025-02-11,Rent,1053.42
2025-02-11,Supplies,382.36
2025-02-11,General Admin,563.46
2025-02-12,Payroll,2918.57
2025-02-12,Rent,1099.06
2025-02-12,Supplies,398.36
2025-02-12,General Admin,550.03
2025-02-13,Payroll,3226.92
2025-02-13,Rent,982.09
2025-02-13,Supplies,389.56
2025-02-13,General Admin,557.33
2025-02-14,Payroll,3124.10
2025-02-14,Rent,1020.43
2025-02-14,Supplies,409.02
2025-02-14,General Admin,523.89
2025-02-15,Payroll,3040.60
2025-02-15,Rent,1067.64
2025-02-15,Supplies,399.21
2025-02-15,General Admin,493.11
2025-02-16,Payroll,2822.61
2025-02-16,Rent,1051.79
2025-02-16,Supplies,408.47
2025-02-16,General Admin,534.84
2025-02-17,Payroll,3161.33
2025-02-17,Rent,1070.19
2025-02-17,Supplies,378.48
2025-02-17,General Admin,539.52
2025-02-18,Payroll,2951.17
2025-02-18,Rent,1119.41
2025-02-18,Supplies,363.46
2025-02-18,General Admin,559.29
2025-02-19,Payroll,3324.07
2025-02-19,Rent,967.65
2025-02-19,Supplies,375.19
2025-02-19,General Admin,540.73
2025-02-20,Payroll,3061.53
2025-02-20,Rent,1048.02
2025-02-20,Supplies,399.39
2025-02-20,General Admin,537.13
2025-02-21,Payroll,3341.41
2025-02-21,Rent,983.79
2025-02-21,Supplies,407.27
2025-02-21,General Admin,557.72
2025-02-22,Payroll,3163.44
2025-02-22,Rent,1128.48
2025-02-22,Supplies,361.99
2025-02-22,General Admin,553.46
2025-02-23,Payroll,3239.82
2025-02-23,Rent,1066.81
2025-02-23,Supplies,351.06
2025-02-23,General Admin,474.80
2025-02-24,Payroll,2820.01
2025-02-24,Rent,999.84
2025-02-24,Supplies,396.39
2025-02-24,General Admin,507.73
2025-02-25,Payroll,3240.90
2025-02-25,Rent,1069.79
2025-02-25,Supplies,371.21
2025-02-25,General Admin,553.30
2025-02-26,Payroll,2835.12
2025-02-26,Rent,1039.89
2025-02-26,Supplies,400.94
2025-02-26,General Admin,483.73
2025-02-27,Payroll,3205.14
2025-02-27,Rent,1014.31
2025-02-27,Supplies,346.58
2025-02-27,General Admin,515.77
2025-02-28,Payroll,3101.20
2025-02-28,Rent,960.88
2025-02-28,Supplies,383.13
2025-02-28,General Admin,504.11
2025-03-01,Payroll,2825.96
2025-03-01,Rent,992.04
2025-03-01,Supplies,353.61
2025-03-01,General Admin,523.71
2025-03-02,Payroll,2847.30
2025-03-02,Rent,1130.00
2025-03-02,Supplies,403.33
2025-03-02,General Admin,561.21
2025-03-03,Payroll,2997.38
2025-03-03,Rent,1125.72
2025-03-03,Supplies,412.76
2025-03-03,General Admin,544.48
2025-03-04,Payroll,2975.44
2025-03-04,Rent,1081.87
2025-03-04,Supplies,386.44
2025-03-04,General Admin,511.07
2025-03-05,Payroll,2992.57
2025-03-05,Rent,967.54
2025-03-05,Supplies,354.59
2025-03-05,General Admin,486.03
2025-03-06,Payroll,3089.13
2025-03-06,Rent,1076.44
2025-03-06,Supplies,397.84
2025-03-06,General Admin,477.94
2025-03-07,Payroll,3278.54
2025-03-07,Rent,964.47
2025-03-07,Supplies,383.68
2025-03-07,General Admin,542.57
2025-03-08,Payroll,3172.18
2025-03-08,Rent,1134.03
2025-03-08,Supplies,369.45
2025-03-08,General Admin,527.91
2025-03-09,Payroll,2869.22
2025-03-09,Rent,1061.08
2025-03-09,Supplies,401.18
2025-03-09,General Admin,492.30
2025-03-10,Payroll,2967.64
2025-03-10,Rent,1087.39
2025-03-10,Supplies,363.30
2025-03-10,General Admin,497.64
2025-03-11,Payroll,3340.28
2025-03-11,Rent,1143.18
2025-03-11,Supplies,356.61
2025-03-11,General Admin,557.03
2025-03-12,Payroll,3128.82
2025-03-12,Rent,963.56
2025-03-12,Supplies,385.75
2025-03-12,General Admin,533.06
2025-03-13,Payroll,2842.15
2025-03-13,Rent,1098.11
2025-03-13,Supplies,401.48
2025-03-13,General Admin,480.25
2025-03-14,Payroll,3181.67
2025-03-14,Rent,1041.76
2025-03-14,Supplies,362.27
2025-03-14,General Admin,516.12
2025-03-15,Payroll,2911.53
2025-03-15,Rent,1018.77
2025-03-15,Supplies,390.47
2025-03-15,General Admin,517.77
2025-03-16,Payroll,3130.58
2025-03-16,Rent,1058.02
2025-03-16,Supplies,401.67
2025-03-16,General Admin,505.44
2025-03-17,Payroll,3272.58
2025-03-17,Rent,971.31
2025-03-17,Supplies,375.07
2025-03-17,General Admin,506.26
2025-03-18,Payroll,3072.94
2025-03-18,Rent,1112.30
2025-03-18,Supplies,380.80
2025-03-18,General Admin,565.10
2025-03-19,Payroll,3299.37
2025-03-19,Rent,978.58
2025-03-19,Supplies,367.56
2025-03-19,General Admin,475.72
2025-03-20,Payroll,3228.82
2025-03-20,Rent,959.93
2025-03-20,Supplies,406.10
2025-03-20,General Admin,491.53
2025-03-21,Payroll,3052.09
2025-03-21,Rent,967.95
2025-03-21,Supplies,367.18
2025-03-21,General Admin,509.71
2025-03-22,Payroll,2852.33
2025-03-22,Rent,1099.96
2025-03-22,Supplies,394.27
2025-03-22,General Admin,506.78
2025-03-23,Payroll,3284.86
2025-03-23,Rent,970.83
2025-03-23,Supplies,349.76
2025-03-23,General Admin,506.51
2025-03-24,Payroll,3321.68
2025-03-24,Rent,1097.88
2025-03-24,Supplies,391.63
2025-03-24,General Admin,525.76
2025-03-25,Payroll,3267.50
2025-03-25,Rent,1033.47
2025-03-25,Supplies,348.18
2025-03-25,General Admin,547.97
2025-03-26,Payroll,2928.71
2025-03-26,Rent,1028.87
2025-03-26,Supplies,370.32
2025-03-26,General Admin,485.05
2025-03-27,Payroll,3017.26
2025-03-27,Rent,989.47
2025-03-27,Supplies,387.82
2025-03-27,General Admin,534.17
2025-03-28,Payroll,2831.02
2025-03-28,Rent,1041.75
2025-03-28,Supplies,383.62
2025-03-28,General Admin,554.39
2025-03-29,Payroll,3097.50
2025-03-29,Rent,971.39
2025-03-29,Supplies,349.61
2025-03-29,General Admin,553.50
2025-03-30,Payroll,3260.29
2025-03-30,Rent,1116.96
2025-03-30,Supplies,363.86
2025-03-30,General Admin,533.66
2025-03-31,Payroll,2876.36
2025-03-31,Rent,1111.00
2025-03-31,Supplies,368.69
2025-03-31,General Admin,562.12
2025-04-01,Payroll,3094.26
2025-04-01,Rent,965.77
2025-04-01,Supplies,409.03
2025-04-01,General Admin,533.37
2025-04-02,Payroll,2992.11
2025-04-02,Rent,966.47
2025-04-02,Supplies,372.86
2025-04-02,General Admin,489.79
2025-04-03,Payroll,3136.89
2025-04-03,Rent,987.14
2025-04-03,Supplies,359.13
2025-04-03,General Admin,560.83
2025-04-04,Payroll,3187.79
2025-04-04,Rent,1005.10
2025-04-04,Supplies,406.99
2025-04-04,General Admin,533.29
2025-04-05,Payroll,3357.11
2025-04-05,Rent,1050.22
2025-04-05,Supplies,407.60
2025-04-05,General Admin,538.29
2025-04-06,Payroll,2857.47
2025-04-06,Rent,1004.67
2025-04-06,Supplies,366.40
2025-04-06,General Admin,491.02
2025-04-07,Payroll,2965.01
2025-04-07,Rent,1002.00
2025-04-07,Supplies,406.95
2025-04-07,General Admin,518.25
2025-04-08,Payroll,3318.82
2025-04-08,Rent,985.47
2025-04-08,Supplies,385.65
2025-04-08,General Admin,476.46
2025-04-09,Payroll,3348.63
2025-04-09,Rent,960.62
2025-04-09,Supplies,373.76
2025-04-09,General Admin,549.74
2025-04-10,Payroll,3387.20
2025-04-10,Rent,963.22
2025-04-10,Supplies,403.26
2025-04-10,General Admin,522.64
2025-04-11,Payroll,2854.15
2025-04-11,Rent,1105.46
2025-04-11,Supplies,354.87
2025-04-11,General Admin,532.06
2025-04-12,Payroll,3264.40
2025-04-12,Rent,1086.02
2025-04-12,Supplies,373.08
2025-04-12,General Admin,477.67
2025-04-13,Payroll,3074.80
2025-04-13,Rent,1131.10
2025-04-13,Supplies,369.89
2025-04-13,General Admin,498.26
2025-04-14,Payroll,2909.38
2025-04-14,Rent,1055.35
2025-04-14,Supplies,383.51
2025-04-14,General Admin,482.00
2025-04-15,Payroll,3059.00
2025-04-15,Rent,1083.22
2025-04-15,Supplies,412.91
2025-04-15,General Admin,515.33
2025-04-16,Payroll,3074.67
2025-04-16,Rent,1048.01
2025-04-16,Supplies,362.56
2025-04-16,General Admin,511.92
2025-04-17,Payroll,3190.64
2025-04-17,Rent,1034.10
2025-04-17,Supplies,386.77
2025-04-17,General Admin,552.90
2025-04-18,Payroll,3386.14
2025-04-18,Rent,1125.72
2025-04-18,Supplies,372.53
2025-04-18,General Admin,477.23
2025-04-19,Payroll,3171.99
2025-04-19,Rent,1048.65
2025-04-19,Supplies,363.37
2025-04-19,General Admin,478.96
2025-04-20,Payroll,3011.23
2025-04-20,Rent,1109.39
2025-04-20,Supplies,412.78
2025-04-20,General Admin,485.13
2025-04-21,Payroll,3319.44
2025-04-21,Rent,968.71
2025-04-21,Supplies,395.75
2025-04-21,General Admin,477.70
2025-04-22,Payroll,3066.37
2025-04-22,Rent,1122.94
2025-04-22,Supplies,373.98
2025-04-22,General Admin,561.17
2025-04-23,Payroll,3228.30
2025-04-23,Rent,1072.99
2025-04-23,Supplies,358.23
2025-04-23,General Admin,506.87
2025-04-24,Payroll,3060.85
2025-04-24,Rent,1070.37
2025-04-24,Supplies,414.94
2025-04-24,General Admin,501.59
2025-04-25,Payroll,3112.10
2025-04-25,Rent,1134.81
2025-04-25,Supplies,370.74
2025-04-25,General Admin,533.66
2025-04-26,Payroll,3257.64
2025-04-26,Rent,1077.89
2025-04-26,Supplies,398.46
2025-04-26,General Admin,493.41
2025-04-27,Payroll,3363.62
2025-04-27,Rent,992.77
2025-04-27,Supplies,386.93
2025-04-27,General Admin,502.74
2025-04-28,Payroll,3184.63
2025-04-28,Rent,1014.21
2025-04-28,Supplies,376.57
2025-04-28,General Admin,538.64
2025-04-29,Payroll,2982.13
2025-04-29,Rent,1096.21
2025-04-29,Supplies,370.84
2025-04-29,General Admin,487.50
2025-04-30,Payroll,3172.83
2025-04-30,Rent,990.68
2025-04-30,Supplies,376.52
2025-04-30,General Admin,512.25
2025-05-01,Payroll,2884.85
2025-05-01,Rent,1096.67
2025-05-01,Supplies,394.85
2025-05-01,General Admin,549.36
2025-05-02,Payroll,3145.54
2025-05-02,Rent,1067.12
2025-05-02,Supplies,359.97
2025-05-02,General Admin,496.16
2025-05-03,Payroll,2969.43
2025-05-03,Rent,1061.73
2025-05-03,Supplies,404.27
2025-05-03,General Admin,510.11
2025-05-04,Payroll,3332.94
2025-05-04,Rent,1101.40
2025-05-04,Supplies,397.28
2025-05-04,General Admin,508.07
2025-05-05,Payroll,2908.38
2025-05-05,Rent,1144.14
2025-05-05,Supplies,406.70
2025-05-05,General Admin,514.95
2025-05-06,Payroll,3322.56
2025-05-06,Rent,1132.17
2025-05-06,Supplies,371.78
2025-05-06,General Admin,523.60
2025-05-07,Payroll,3027.01
2025-05-07,Rent,1093.73
2025-05-07,Supplies,410.62
2025-05-07,General Admin,568.65
2025-05-08,Payroll,3256.14
2025-05-08,Rent,1020.28
2025-05-08,Supplies,408.46
2025-05-08,General Admin,569.40
2025-05-09,Payroll,3035.21
2025-05-09,Rent,1141.49
2025-05-09,Supplies,383.31
2025-05-09,General Admin,566.79
2025-05-10,Payroll,3396.33
2025-05-10,Rent,1115.91
2025-05-10,Supplies,395.03
2025-05-10,General Admin,491.17
2025-05-11,Payroll,2845.23
2025-05-11,Rent,1074.95
2025-05-11,Supplies,396.46
2025-05-11,General Admin,564.08
2025-05-12,Payroll,3130.08
2025-05-12,Rent,1094.04
2025-05-12,Supplies,392.57
2025-05-12,General Admin,495.92
2025-05-13,Payroll,3200.81
2025-05-13,Rent,1147.71
2025-05-13,Supplies,356.01
2025-05-13,General Admin,541.04
2025-05-14,Payroll,3184.13
2025-05-14,Rent,1033.58
2025-05-14,Supplies,402.52
2025-05-14,General Admin,477.78
2025-05-15,Payroll,3338.80
2025-05-15,Rent,1116.75
2025-05-15,Supplies,381.21
2025-05-15,General Admin,486.89
2025-05-16,Payroll,3094.22
2025-05-16,Rent,1072.84
2025-05-16,Supplies,365.74
2025-05-16,General Admin,522.19
2025-05-17,Payroll,3273.91
2025-05-17,Rent,1136.59
2025-05-17,Supplies,386.72
2025-05-17,General Admin,553.98
2025-05-18,Payroll,2885.84
2025-05-18,Rent,1124.09
2025-05-18,Supplies,411.21
2025-05-18,General Admin,492.48
2025-05-19,Payroll,3302.69
2025-05-19,Rent,1122.81
2025-05-19,Supplies,408.33
2025-05-19,General Admin,525.05
2025-05-20,Payroll,3180.77
2025-05-20,Rent,1001.98
2025-05-20,Supplies,396.71
2025-05-20,General Admin,514.59
2025-05-21,Payroll,2854.27
2025-05-21,Rent,988.07
2025-05-21,Supplies,374.90
2025-05-21,General Admin,559.38
2025-05-22,Payroll,3156.68
2025-05-22,Rent,1135.38
2025-05-22,Supplies,411.80
2025-05-22,General Admin,484.90
2025-05-23,Payroll,3169.62
2025-05-23,Rent,1025.80
2025-05-23,Supplies,382.98
2025-05-23,General Admin,519.30
2025-05-24,Payroll,3109.41
2025-05-24,Rent,981.96
2025-05-24,Supplies,405.23
2025-05-24,General Admin,522.54
2025-05-25,Payroll,3201.20
2025-05-25,Rent,1051.82
2025-05-25,Supplies,360.78
2025-05-25,General Admin,527.27
2025-05-26,Payroll,2931.22
2025-05-26,Rent,1123.31
2025-05-26,Supplies,405.13
2025-05-26,General Admin,490.21
2025-05-27,Payroll,2880.78
2025-05-27,Rent,975.68
2025-05-27,Supplies,375.24
2025-05-27,General Admin,565.71
2025-05-28,Payroll,3151.79
2025-05-28,Rent,1012.80
2025-05-28,Supplies,364.09
2025-05-28,General Admin,487.15
2025-05-29,Payroll,2920.95
2025-05-29,Rent,1115.71
2025-05-29,Supplies,357.89
2025-05-29,General Admin,557.41
2025-05-30,Payroll,3300.20
2025-05-30,Rent,988.55
2025-05-30,Supplies,386.52
2025-05-30,General Admin,477.46
2025-05-31,Payroll,3321.91
2025-05-31,Rent,1067.94
2025-05-31,Supplies,399.93
2025-05-31,General Admin,522.55
2025-06-01,Payroll,3237.26
2025-06-01,Rent,1142.00
2025-06-01,Supplies,387.87
2025-06-01,General Admin,560.27
2025-06-02,Payroll,3043.42
2025-06-02,Rent,984.43
2025-06-02,Supplies,349.95
2025-06-02,General Admin,499.61
2025-06-03,Payroll,3319.93
2025-06-03,Rent,1024.87
2025-06-03,Supplies,364.96
2025-06-03,General Admin,524.79
2025-06-04,Payroll,3380.37
2025-06-04,Rent,1062.20
2025-06-04,Supplies,372.92
2025-06-04,General Admin,485.65
2025-06-05,Payroll,3172.11
2025-06-05,Rent,1008.76
2025-06-05,Supplies,374.74
2025-06-05,General Admin,514.08
2025-06-06,Payroll,3275.07
2025-06-06,Rent,1009.78
2025-06-06,Supplies,413.62
2025-06-06,General Admin,547.89
2025-06-07,Payroll,3120.46
2025-06-07,Rent,1132.41
2025-06-07,Supplies,374.17
2025-06-07,General Admin,514.37
2025-06-08,Payroll,2924.19
2025-06-08,Rent,1113.15
2025-06-08,Supplies,377.04
2025-06-08,General Admin,525.22
2025-06-09,Payroll,3114.80
2025-06-09,Rent,1090.02
2025-06-09,Supplies,375.18
2025-06-09,General Admin,564.12
2025-06-10,Payroll,3093.01
2025-06-10,Rent,1033.89
2025-06-10,Supplies,377.02
2025-06-10,General Admin,550.13
2025-06-11,Payroll,3406.13
2025-06-11,Rent,1129.77
2025-06-11,Supplies,382.41
2025-06-11,General Admin,505.67
2025-06-12,Payroll,3100.86
2025-06-12,Rent,1031.02
2025-06-12,Supplies,366.26
2025-06-12,General Admin,495.90
2025-06-13,Payroll,3385.38
2025-06-13,Rent,1060.37
2025-06-13,Supplies,357.12
2025-06-13,General Admin,514.33
2025-06-14,Payroll,3068.90
2025-06-14,Rent,1063.06
2025-06-14,Supplies,416.63
2025-06-14,General Admin,569.81
2025-06-15,Payroll,3167.77
2025-06-15,Rent,1082.82
2025-06-15,Supplies,395.81
2025-06-15,General Admin,525.41
2025-06-16,Payroll,3123.57
2025-06-16,Rent,1025.45
2025-06-16,Supplies,396.38
2025-06-16,General Admin,487.00
2025-06-17,Payroll,3028.97
2025-06-17,Rent,1134.39
2025-06-17,Supplies,365.15
2025-06-17,General Admin,568.97
2025-06-18,Payroll,3401.17
2025-06-18,Rent,1074.75
2025-06-18,Supplies,352.37
2025-06-18,General Admin,487.15
2025-06-19,Payroll,2963.77
2025-06-19,Rent,1027.77
2025-06-19,Supplies,357.34
2025-06-19,General Admin,553.02
2025-06-20,Payroll,3055.20
2025-06-20,Rent,1010.18
2025-06-20,Supplies,352.59
2025-06-20,General Admin,514.22
2025-06-21,Payroll,2854.51
2025-06-21,Rent,988.02
2025-06-21,Supplies,390.96
2025-06-21,General Admin,565.91
2025-06-22,Payroll,2963.25
2025-06-22,Rent,1106.06
2025-06-22,Supplies,363.12
2025-06-22,General Admin,478.54
2025-06-23,Payroll,3352.27
2025-06-23,Rent,1125.91
2025-06-23,Supplies,354.17
2025-06-23,General Admin,494.98
2025-06-24,Payroll,2982.74
2025-06-24,Rent,1141.45
2025-06-24,Supplies,375.72
2025-06-24,General Admin,553.97
2025-06-25,Payroll,3095.18
2025-06-25,Rent,1038.06
2025-06-25,Supplies,401.95
2025-06-25,General Admin,536.04
2025-06-26,Payroll,3002.28
2025-06-26,Rent,1076.15
2025-06-26,Supplies,397.74
2025-06-26,General Admin,555.81
2025-06-27,Payroll,3229.87
2025-06-27,Rent,1087.10
2025-06-27,Supplies,390.36
2025-06-27,General Admin,487.02
2025-06-28,Payroll,3379.42
2025-06-28,Rent,1101.11
2025-06-28,Supplies,368.26
2025-06-28,General Admin,543.20
2025-06-29,Payroll,3198.42
2025-06-29,Rent,1090.52
2025-06-29,Supplies,375.52
2025-06-29,General Admin,532.05
2025-06-30,Payroll,3220.30
2025-06-30,Rent,1004.11
2025-06-30,Supplies,384.35
2025-06-30,General Admin,489.66
2025-07-01,Payroll,2920.59
2025-07-01,Rent,1141.98
2025-07-01,Supplies,359.31
2025-07-01,General Admin,563.88
2025-07-02,Payroll,3124.53
2025-07-02,Rent,1055.48
2025-07-02,Supplies,374.09
2025-07-02,General Admin,519.08
2025-07-03,Payroll,3072.70
2025-07-03,Rent,1076.36
2025-07-03,Supplies,373.80
2025-07-03,General Admin,557.19
2025-07-04,Payroll,2992.27
2025-07-04,Rent,1016.34
2025-07-04,Supplies,383.74
2025-07-04,General Admin,567.81
2025-07-05,Payroll,2874.90
2025-07-05,Rent,1106.40
2025-07-05,Supplies,351.18
2025-07-05,General Admin,518.02
2025-07-06,Payroll,3289.36
2025-07-06,Rent,1053.81
2025-07-06,Supplies,380.24
2025-07-06,General Admin,503.77
2025-07-07,Payroll,3127.49
2025-07-07,Rent,1012.50
2025-07-07,Supplies,370.22
2025-07-07,General Admin,541.35
2025-07-08,Payroll,3197.11
2025-07-08,Rent,1145.49
2025-07-08,Supplies,417.26
2025-07-08,General Admin,529.05
2025-07-09,Payroll,2910.53
2025-07-09,Rent,1026.09
2025-07-09,Supplies,386.30
2025-07-09,General Admin,543.21
2025-07-10,Payroll,3391.24
2025-07-10,Rent,998.63
2025-07-10,Supplies,353.28
2025-07-10,General Admin,561.70
2025-07-11,Payroll,3312.29
2025-07-11,Rent,1114.43
2025-07-11,Supplies,382.92
2025-07-11,General Admin,543.65
2025-07-12,Payroll,3091.87
2025-07-12,Rent,1005.64
2025-07-12,Supplies,377.59
2025-07-12,General Admin,553.91
2025-07-13,Payroll,3310.43
2025-07-13,Rent,1151.48
2025-07-13,Supplies,411.68
2025-07-13,General Admin,544.05
2025-07-14,Payroll,3153.14
2025-07-14,Rent,1106.50
2025-07-14,Supplies,363.34
2025-07-14,General Admin,566.68
2025-07-15,Payroll,3260.45
2025-07-15,Rent,1081.95
2025-07-15,Supplies,380.55
2025-07-15,General Admin,539.49
2025-07-16,Payroll,3207.32
2025-07-16,Rent,1139.67
2025-07-16,Supplies,389.93
2025-07-16,General Admin,500.03
2025-07-17,Payroll,3108.62
2025-07-17,Rent,1015.29
2025-07-17,Supplies,412.87
2025-07-17,General Admin,559.21
2025-07-18,Payroll,3172.69
2025-07-18,Rent,1006.46
2025-07-18,Supplies,353.75
2025-07-18,General Admin,492.59
2025-07-19,Payroll,3109.65
2025-07-19,Rent,1097.07
2025-07-19,Supplies,366.14
2025-07-19,General Admin,544.28
2025-07-20,Payroll,3344.08
2025-07-20,Rent,1112.82
2025-07-20,Supplies,379.97
2025-07-20,General Admin,540.64
2025-07-21,Payroll,3414.85
2025-07-21,Rent,1137.12
2025-07-21,Supplies,373.97
2025-07-21,General Admin,544.37
2025-07-22,Payroll,2952.88
2025-07-22,Rent,1074.91
2025-07-22,Supplies,375.23
2025-07-22,General Admin,521.14
2025-07-23,Payroll,3107.23
2025-07-23,Rent,1094.99
2025-07-23,Supplies,408.82
2025-07-23,General Admin,524.00
2025-07-24,Payroll,2943.57
2025-07-24,Rent,1112.23
2025-07-24,Supplies,402.35
2025-07-24,General Admin,569.57
2025-07-25,Payroll,3082.12
2025-07-25,Rent,1057.19
2025-07-25,Supplies,387.87
2025-07-25,General Admin,563.78
2025-07-26,Payroll,3255.77
2025-07-26,Rent,973.25
2025-07-26,Supplies,364.99
2025-07-26,General Admin,560.19
2025-07-27,Payroll,3189.29
2025-07-27,Rent,1134.94
2025-07-27,Supplies,379.00
2025-07-27,General Admin,499.76
2025-07-28,Payroll,2863.82
2025-07-28,Rent,1158.10
2025-07-28,Supplies,360.12
2025-07-28,General Admin,540.38
2025-07-29,Payroll,3135.68
2025-07-29,Rent,1041.31
2025-07-29,Supplies,387.63
2025-07-29,General Admin,487.35
2025-07-30,Payroll,3404.59
2025-07-30,Rent,1062.66
2025-07-30,Supplies,351.81
2025-07-30,General Admin,519.38
2025-07-31,Payroll,3285.43
2025-07-31,Rent,1028.40
2025-07-31,Supplies,401.89
2025-07-31,General Admin,552.06
2025-08-01,Payroll,3005.33
2025-08-01,Rent,1156.61
2025-08-01,Supplies,353.85
2025-08-01,General Admin,562.96
2025-08-02,Payroll,3158.98
2025-08-02,Rent,1001.62
2025-08-02,Supplies,369.72
2025-08-02,General Admin,537.51
2025-08-03,Payroll,3027.43
2025-08-03,Rent,1131.96
2025-08-03,Supplies,367.05
2025-08-03,General Admin,517.78
2025-08-04,Payroll,3155.70
2025-08-04,Rent,1037.09
2025-08-04,Supplies,408.68
2025-08-04,General Admin,506.45
2025-08-05,Payroll,2920.99
2025-08-05,Rent,1001.89
2025-08-05,Supplies,395.10
2025-08-05,General Admin,534.69
2025-08-06,Payroll,2906.57
2025-08-06,Rent,1161.38
2025-08-06,Supplies,384.94
2025-08-06,General Admin,511.69
2025-08-07,Payroll,3280.60
2025-08-07,Rent,977.06
2025-08-07,Supplies,381.83
2025-08-07,General Admin,544.19
2025-08-08,Payroll,3411.46
2025-08-08,Rent,1117.35
2025-08-08,Supplies,412.88
2025-08-08,General Admin,492.79
2025-08-09,Payroll,3112.42
2025-08-09,Rent,978.49
2025-08-09,Supplies,370.66
2025-08-09,General Admin,517.80
2025-08-10,Payroll,3064.14
2025-08-10,Rent,1043.55
2025-08-10,Supplies,407.23
2025-08-10,General Admin,499.45
2025-08-11,Payroll,3334.15
2025-08-11,Rent,1075.55
2025-08-11,Supplies,375.26
2025-08-11,General Admin,533.62
2025-08-12,Payroll,2961.69
2025-08-12,Rent,1066.71
2025-08-12,Supplies,353.44
2025-08-12,General Admin,562.90
2025-08-13,Payroll,3057.27
2025-08-13,Rent,1037.90
2025-08-13,Supplies,420.45
2025-08-13,General Admin,539.39
2025-08-14,Payroll,3105.62
2025-08-14,Rent,1122.87
2025-08-14,Supplies,356.59
2025-08-14,General Admin,535.34
2025-08-15,Payroll,3163.50
2025-08-15,Rent,1136.30
2025-08-15,Supplies,392.29
2025-08-15,General Admin,527.31
2025-08-16,Payroll,3163.23
2025-08-16,Rent,1121.20
2025-08-16,Supplies,375.85
2025-08-16,General Admin,534.15
2025-08-17,Payroll,3268.37
2025-08-17,Rent,1161.85
2025-08-17,Supplies,399.69
2025-08-17,General Admin,572.22
2025-08-18,Payroll,3095.16
2025-08-18,Rent,1088.27
2025-08-18,Supplies,403.25
2025-08-18,General Admin,514.42
2025-08-19,Payroll,3022.21
2025-08-19,Rent,1157.53
2025-08-19,Supplies,375.93
2025-08-19,General Admin,575.80
2025-08-20,Payroll,3349.75
2025-08-20,Rent,1013.55
2025-08-20,Supplies,408.96
2025-08-20,General Admin,574.27
2025-08-21,Payroll,3026.51
2025-08-21,Rent,1098.86
2025-08-21,Supplies,404.92
2025-08-21,General Admin,489.44
2025-08-22,Payroll,3331.25
2025-08-22,Rent,1031.11
2025-08-22,Supplies,400.57
2025-08-22,General Admin,571.12
2025-08-23,Payroll,2890.73
2025-08-23,Rent,1088.82
2025-08-23,Supplies,372.06
2025-08-23,General Admin,492.39
2025-08-24,Payroll,3270.88
2025-08-24,Rent,1158.71
2025-08-24,Supplies,387.23
2025-08-24,General Admin,514.22
2025-08-25,Payroll,3123.28
2025-08-25,Rent,1051.33
2025-08-25,Supplies,388.56
2025-08-25,General Admin,520.14
2025-08-26,Payroll,2916.16
2025-08-26,Rent,1158.79
2025-08-26,Supplies,420.56
2025-08-26,General Admin,498.00
2025-08-27,Payroll,3006.41
2025-08-27,Rent,1055.58
2025-08-27,Supplies,400.04
2025-08-27,General Admin,484.54
2025-08-28,Payroll,3340.33
2025-08-28,Rent,1093.91
2025-08-28,Supplies,370.47
2025-08-28,General Admin,563.65
2025-08-29,Payroll,3242.43
2025-08-29,Rent,1032.74
2025-08-29,Supplies,389.65
2025-08-29,General Admin,573.86
2025-08-30,Payroll,2898.22
2025-08-30,Rent,1107.23
2025-08-30,Supplies,410.42
2025-08-30,General Admin,546.82
2025-08-31,Payroll,2949.66
2025-08-31,Rent,1086.05
2025-08-31,Supplies,406.05
2025-08-31,General Admin,521.03
2025-09-01,Payroll,3208.76
2025-09-01,Rent,1024.04
2025-09-01,Supplies,374.70
2025-09-01,General Admin,559.62
2025-09-02,Payroll,3156.39
2025-09-02,Rent,1061.33
2025-09-02,Supplies,361.59
2025-09-02,General Admin,518.58
2025-09-03,Payroll,3173.99
2025-09-03,Rent,1019.76
2025-09-03,Supplies,408.91
2025-09-03,General Admin,519.46
2025-09-04,Payroll,3014.93
2025-09-04,Rent,1034.51
2025-09-04,Supplies,410.05
2025-09-04,General Admin,568.66
2025-09-05,Payroll,3421.72
2025-09-05,Rent,978.56
2025-09-05,Supplies,405.18
2025-09-05,General Admin,532.86
2025-09-06,Payroll,2950.72
2025-09-06,Rent,1022.72
2025-09-06,Supplies,372.56
2025-09-06,General Admin,521.40
2025-09-07,Payroll,3145.81
2025-09-07,Rent,1154.48
2025-09-07,Supplies,357.13
2025-09-07,General Admin,550.23
2025-09-08,Payroll,3361.88
2025-09-08,Rent,1043.86
2025-09-08,Supplies,370.31
2025-09-08,General Admin,504.11
2025-09-09,Payroll,3050.07
2025-09-09,Rent,1003.40
2025-09-09,Supplies,391.21
2025-09-09,General Admin,506.86
2025-09-10,Payroll,2895.88
2025-09-10,Rent,1020.07
2025-09-10,Supplies,409.79
2025-09-10,General Admin,522.64
2025-09-11,Payroll,3378.46
2025-09-11,Rent,1155.79
2025-09-11,Supplies,369.91
2025-09-11,General Admin,536.12
2025-09-12,Payroll,3377.07
2025-09-12,Rent,1086.65
2025-09-12,Supplies,364.70
2025-09-12,General Admin,506.62
2025-09-13,Payroll,3437.13
2025-09-13,Rent,1032.81
2025-09-13,Supplies,413.04
2025-09-13,General Admin,558.34
2025-09-14,Payroll,3298.69
2025-09-14,Rent,1113.47
2025-09-14,Supplies,407.67
2025-09-14,General Admin,563.29
2025-09-15,Payroll,2915.67
2025-09-15,Rent,1007.69
2025-09-15,Supplies,388.02
2025-09-15,General Admin,503.27
2025-09-16,Payroll,3181.03
2025-09-16,Rent,1069.80
2025-09-16,Supplies,361.85
2025-09-16,General Admin,491.31
2025-09-17,Payroll,2887.09
2025-09-17,Rent,1133.15
2025-09-17,Supplies,358.74
2025-09-17,General Admin,574.09
2025-09-18,Payroll,3434.99
2025-09-18,Rent,1118.01
2025-09-18,Supplies,384.21
2025-09-18,General Admin,509.26
2025-09-19,Payroll,3112.97
2025-09-19,Rent,1041.57
2025-09-19,Supplies,380.47
2025-09-19,General Admin,551.84
2025-09-20,Payroll,3383.53
2025-09-20,Rent,1005.77
2025-09-20,Supplies,369.86
2025-09-20,General Admin,503.03
2025-09-21,Payroll,2906.08
2025-09-21,Rent,1138.72
2025-09-21,Supplies,388.42
2025-09-21,General Admin,489.52
2025-09-22,Payroll,3132.02
2025-09-22,Rent,1061.68
2025-09-22,Supplies,406.84
2025-09-22,General Admin,555.16
2025-09-23,Payroll,2956.32
2025-09-23,Rent,1095.32
2025-09-23,Supplies,388.31
2025-09-23,General Admin,484.46
2025-09-24,Payroll,2963.78
2025-09-24,Rent,1102.95
2025-09-24,Supplies,378.45
2025-09-24,General Admin,574.29
2025-09-25,Payroll,3163.30
2025-09-25,Rent,1107.05
2025-09-25,Supplies,362.33
2025-09-25,General Admin,528.51
2025-09-26,Payroll,3294.26
2025-09-26,Rent,1134.76
2025-09-26,Supplies,366.89
2025-09-26,General Admin,520.71
2025-09-27,Payroll,3147.39
2025-09-27,Rent,1059.72
2025-09-27,Supplies,385.94
2025-09-27,General Admin,511.16
2025-09-28,Payroll,3336.30
2025-09-28,Rent,1149.96
2025-09-28,Supplies,377.21
2025-09-28,General Admin,543.48
2025-09-29,Payroll,3095.08
2025-09-29,Rent,1086.14
2025-09-29,Supplies,401.15
2025-09-29,General Admin,530.60
2025-09-30,Payroll,3260.70
2025-09-30,Rent,1120.19
2025-09-30,Supplies,411.35
2025-09-30,General Admin,501.03
2025-10-01,Payroll,3012.38
2025-10-01,Rent,1077.39
2025-10-01,Supplies,389.59
2025-10-01,General Admin,561.39
2025-10-02,Payroll,3182.58
2025-10-02,Rent,1151.26
2025-10-02,Supplies,408.16
2025-10-02,General Admin,532.80
2025-10-03,Payroll,3357.26
2025-10-03,Rent,1070.02
2025-10-03,Supplies,377.95
2025-10-03,General Admin,525.89
2025-10-04,Payroll,3147.98
2025-10-04,Rent,1103.47
2025-10-04,Supplies,357.88
2025-10-04,General Admin,553.97
2025-10-05,Payroll,3437.50
2025-10-05,Rent,1066.75
2025-10-05,Supplies,359.03
2025-10-05,General Admin,503.87
2025-10-06,Payroll,2948.39
2025-10-06,Rent,1027.98
2025-10-06,Supplies,409.29
2025-10-06,General Admin,484.88
2025-10-07,Payroll,3383.98
2025-10-07,Rent,1158.82
2025-10-07,Supplies,367.08
2025-10-07,General Admin,501.24
2025-10-08,Payroll,3436.11
2025-10-08,Rent,1047.90
2025-10-08,Supplies,410.53
2025-10-08,General Admin,485.63
2025-10-09,Payroll,3450.26
2025-10-09,Rent,982.04
2025-10-09,Supplies,396.37
2025-10-09,General Admin,572.84
2025-10-10,Payroll,3360.05
2025-10-10,Rent,1038.33
2025-10-10,Supplies,411.24
2025-10-10,General Admin,522.06
2025-10-11,Payroll,3172.64
2025-10-11,Rent,1048.46
2025-10-11,Supplies,378.85
2025-10-11,General Admin,539.99
2025-10-12,Payroll,3332.24
2025-10-12,Rent,1112.85
2025-10-12,Supplies,407.50
2025-10-12,General Admin,486.13
2025-10-13,Payroll,3190.67
2025-10-13,Rent,1046.45
2025-10-13,Supplies,368.72
2025-10-13,General Admin,572.12
2025-10-14,Payroll,3001.31
2025-10-14,Rent,1014.21
2025-10-14,Supplies,366.66
2025-10-14,General Admin,547.20
2025-10-15,Payroll,3235.93
2025-10-15,Rent,1075.72
2025-10-15,Supplies,394.93
2025-10-15,General Admin,573.99
2025-10-16,Payroll,3376.99
2025-10-16,Rent,1152.38
2025-10-16,Supplies,358.02
2025-10-16,General Admin,569.90
2025-10-17,Payroll,2907.75
2025-10-17,Rent,1102.92
2025-10-17,Supplies,418.78
2025-10-17,General Admin,532.44
2025-10-18,Payroll,3127.13
2025-10-18,Rent,1042.42
2025-10-18,Supplies,417.76
2025-10-18,General Admin,572.60
2025-10-19,Payroll,3240.10
2025-10-19,Rent,1115.71
2025-10-19,Supplies,377.77
2025-10-19,General Admin,497.88
2025-10-20,Payroll,3443.59
2025-10-20,Rent,1104.71
2025-10-20,Supplies,373.28
2025-10-20,General Admin,577.45
2025-10-21,Payroll,3234.36
2025-10-21,Rent,1042.19
2025-10-21,Supplies,416.35
2025-10-21,General Admin,492.17
2025-10-22,Payroll,3344.73
2025-10-22,Rent,1009.44
2025-10-22,Supplies,361.72
2025-10-22,General Admin,509.34
2025-10-23,Payroll,3294.22
2025-10-23,Rent,1095.33
2025-10-23,Supplies,383.46
2025-10-23,General Admin,499.86
2025-10-24,Payroll,3412.35
2025-10-24,Rent,1125.64
2025-10-24,Supplies,401.83
2025-10-24,General Admin,561.88
2025-10-25,Payroll,3327.82
2025-10-25,Rent,1000.41
2025-10-25,Supplies,407.86
2025-10-25,General Admin,564.33
2025-10-26,Payroll,3312.27
2025-10-26,Rent,1071.25
2025-10-26,Supplies,401.84
2025-10-26,General Admin,494.26
2025-10-27,Payroll,3322.22
2025-10-27,Rent,1029.10
2025-10-27,Supplies,408.68
2025-10-27,General Admin,545.03
2025-10-28,Payroll,3177.88
2025-10-28,Rent,1081.54
2025-10-28,Supplies,359.44
2025-10-28,General Admin,488.66
2025-10-29,Payroll,2898.41
2025-10-29,Rent,1127.41
2025-10-29,Supplies,363.86
2025-10-29,General Admin,496.43
2025-10-30,Payroll,3107.76
2025-10-30,Rent,1166.13
2025-10-30,Supplies,415.67
2025-10-30,General Admin,514.49
2025-10-31,Payroll,3353.57
2025-10-31,Rent,995.17
2025-10-31,Supplies,381.43
2025-10-31,General Admin,539.72
2025-11-01,Payroll,3459.03
2025-11-01,Rent,991.46
2025-11-01,Supplies,384.11
2025-11-01,General Admin,573.88
2025-11-02,Payroll,2915.20
2025-11-02,Rent,1097.21
2025-11-02,Supplies,383.20
2025-11-02,General Admin,539.69
2025-11-03,Payroll,3298.54
2025-11-03,Rent,1060.25
2025-11-03,Supplies,417.46
2025-11-03,General Admin,577.32
2025-11-04,Payroll,3458.36
2025-11-04,Rent,992.63
2025-11-04,Supplies,413.62
2025-11-04,General Admin,569.96
2025-11-05,Payroll,2982.02
2025-11-05,Rent,1163.00
2025-11-05,Supplies,364.27
2025-11-05,General Admin,506.10
2025-11-06,Payroll,3441.61
2025-11-06,Rent,1141.73
2025-11-06,Supplies,395.52
2025-11-06,General Admin,513.76
2025-11-07,Payroll,3042.90
2025-11-07,Rent,1059.56
2025-11-07,Supplies,356.05
2025-11-07,General Admin,546.93
2025-11-08,Payroll,2928.78
2025-11-08,Rent,1130.80
2025-11-08,Supplies,360.31
2025-11-08,General Admin,487.35
2025-11-09,Payroll,3061.02
2025-11-09,Rent,1130.57
2025-11-09,Supplies,413.33
2025-11-09,General Admin,534.65
2025-11-10,Payroll,3431.83
2025-11-10,Rent,1004.10
2025-11-10,Supplies,378.53
2025-11-10,General Admin,556.82
2025-11-11,Payroll,3082.95
2025-11-11,Rent,1010.03
2025-11-11,Supplies,395.65
2025-11-11,General Admin,492.33
2025-11-12,Payroll,3111.15
2025-11-12,Rent,1030.88
2025-11-12,Supplies,378.50
2025-11-12,General Admin,532.54
2025-11-13,Payroll,3203.44
2025-11-13,Rent,998.31
2025-11-13,Supplies,377.37
2025-11-13,General Admin,522.89
2025-11-14,Payroll,3128.33
2025-11-14,Rent,1074.34
2025-11-14,Supplies,385.04
2025-11-14,General Admin,493.42
2025-11-15,Payroll,3023.96
2025-11-15,Rent,1105.90
2025-11-15,Supplies,413.06
2025-11-15,General Admin,535.04
2025-11-16,Payroll,2983.60
2025-11-16,Rent,995.64
2025-11-16,Supplies,366.27
2025-11-16,General Admin,522.92
2025-11-17,Payroll,3220.17
2025-11-17,Rent,1109.74
2025-11-17,Supplies,391.89
2025-11-17,General Admin,540.17
2025-11-18,Payroll,3099.36
2025-11-18,Rent,1109.99
2025-11-18,Supplies,405.97
2025-11-18,General Admin,524.64
2025-11-19,Payroll,3361.83
2025-11-19,Rent,1125.05
2025-11-19,Supplies,418.34
2025-11-19,General Admin,530.79
2025-11-20,Payroll,3095.38
2025-11-20,Rent,1131.44
2025-11-20,Supplies,358.04
2025-11-20,General Admin,522.90
2025-11-21,Payroll,3453.90
2025-11-21,Rent,1047.87
2025-11-21,Supplies,391.05
2025-11-21,General Admin,510.14
2025-11-22,Payroll,2943.19
2025-11-22,Rent,1003.42
2025-11-22,Supplies,385.69
2025-11-22,General Admin,545.28
2025-11-23,Payroll,3209.14
2025-11-23,Rent,1081.76
2025-11-23,Supplies,363.19
2025-11-23,General Admin,490.20
2025-11-24,Payroll,3103.02
2025-11-24,Rent,1163.20
2025-11-24,Supplies,367.93
2025-11-24,General Admin,512.00
2025-11-25,Payroll,3173.62
2025-11-25,Rent,1157.76
2025-11-25,Supplies,421.28
2025-11-25,General Admin,486.50
2025-11-26,Payroll,3267.08
2025-11-26,Rent,1027.48
2025-11-26,Supplies,400.94
2025-11-26,General Admin,557.06
2025-11-27,Payroll,3402.81
2025-11-27,Rent,1113.42
2025-11-27,Supplies,414.34
2025-11-27,General Admin,561.02
2025-11-28,Payroll,2990.71
2025-11-28,Rent,990.50
2025-11-28,Supplies,406.80
2025-11-28,General Admin,536.42
2025-11-29,Payroll,3465.62
2025-11-29,Rent,1013.78
2025-11-29,Supplies,382.22
2025-11-29,General Admin,513.76